#seqname	start	stop	tags	lineage	ref	alt
NC_000962.3	324	324	freschi_2020	4.6.2.1.1.2	C	G
NC_000962.3	4086	4086	shitikov_2017	europe/russia_B0/W148_outbreak	G	T
NC_000962.3	15177	15177	freschi_2020	1.1.3	C	G
NC_000962.3	15890	15890	freschi_2020	2.2.2	G	A
NC_000962.3	16526	16526	freschi_2020	1.2.1.1	C	T
NC_000962.3	16727	16727	freschi_2020	3.2.2	G	A
NC_000962.3	17225	17225	freschi_2020	4.1.i1.1.1.2	C	G
NC_000962.3	17842	17842	freschi_2020	3.1.2	G	C
NC_000962.3	18091	18091	freschi_2020	4.6	G	A
NC_000962.3	24035	24035	freschi_2020	4.6.2.2	G	A
NC_000962.3	45073	45073	freschi_2020	4.4.2	G	A
NC_000962.3	61842	61842	freschi_2020	1.2.2.1	T	C
NC_000962.3	62657	62657	coll_2014	4.1	G	A
#NC_000962.3	62657	62657	freschi_2020	4.1	G	A
NC_000962.3	63850	63850	freschi_2020	3.2	T	C
NC_000962.3	64028	64028	freschi_2020	1	C	T
NC_000962.3	64325	64325	freschi_2020	4.1.i2.2	G	A
NC_000962.3	107794	107794	coll_2014	4.1.2.1	C	T
NC_000962.3	118469	118469	freschi_2020	4.6.2.1.1.1	G	A
NC_000962.3	126249	126249	freschi_2020	4.6.2.1.1.1.2	C	A
NC_000962.3	282892	282892	freschi_2020	2	C	T
NC_000962.3	342201	342201	freschi_2020	4.4.1.2	C	G
NC_000962.3	342873	342873	freschi_2020	3	C	T
NC_000962.3	346486	346486	freschi_2020	4.6.1.2	C	T
#NC_000962.3	346693	346693	shitikov_2017	asia_ancestral_1	G	T
NC_000962.3	346693	346693	coll_2014	2.2.2	G	T
NC_000962.3	354157	354157	freschi_2020	4.1.i2.1	C	T
NC_000962.3	355181	355181	coll_2014	4.4.1.1	G	A
#NC_000962.3	355181	355181	freschi_2020	4.4.1.1	G	A
#NC_000962.3	355181	355181	coll_2014	4.4.1.1	G	A
NC_000962.3	355181	355181	freschi_2020	4.4.1.1	G	A
NC_000962.3	403364	403364	coll_2014	4.3.3	G	A
NC_000962.3	405404	405404	freschi_2020	1.2.1.1.2	C	T
NC_000962.3	435708	435708	freschi_2020	4.6.1.1.1.1	G	A
NC_000962.3	441823	441823	freschi_2020	2.2.1.1	C	T
NC_000962.3	488778	488778	freschi_2020	4.3.i1	C	T
#NC_000962.3	497491	497491	shitikov_2017	2	G	A
NC_000962.3	497491	497491	coll_2014	2	G	A
NC_000962.3	501615	501615	freschi_2020	4.1.i1.2	C	G
NC_000962.3	514245	514245	coll_2014	4.1.1	C	T
NC_000962.3	529363	529363	freschi_2020	1.1.1	C	T
NC_000962.3	541048	541048	coll_2014	4.1.1.2	T	G
NC_000962.3	615614	615614	coll_2014	4.3.1	C	A
NC_000962.3	615938	615938	coll_2014	1	G	A
NC_000962.3	635139	635139	freschi_2020	3.1.1	G	C
NC_000962.3	649844	649844	freschi_2020	2.2.1.2	C	T
NC_000962.3	764995	764995	coll_2014	4.3	C	G
NC_000962.3	782634	782634	shitikov_2017	asian_african_1	A	G
NC_000962.3	783601	783601	coll_2014	4.2.1	A	C
#NC_000962.3	783601	783601	freschi_2020	4.2.1	A	C
NC_000962.3	784440	784440	freschi_2020	4.3.i4.2	G	T
NC_000962.3	784450	784450	freschi_2020	1.1.1.1	C	T
NC_000962.3	790180	790180	freschi_2020	4.3.i4	A	G
#NC_000962.3	797736	797736	shitikov_2017	2.2.1	C	T
NC_000962.3	797736	797736	coll_2014	2.2.1	C	T
NC_000962.3	801009	801009	freschi_2020	4.11	A	G
NC_000962.3	870187	870187	freschi_2020	4.2.1.2	C	T
NC_000962.3	874787	874787	coll_2014	4.6.1.1	G	A
NC_000962.3	886115	886115	shitikov_2017	asia_ancestral_2	T	C
NC_000962.3	891756	891756	coll_2014	4.1.2	A	G
NC_000962.3	917905	917905	freschi_2020	4.1.i1.1.1	C	A
NC_000962.3	931123	931123	coll_2014	4**	T	C
NC_000962.3	931123	931123	freschi_2020	4**	T	C
NC_000962.3	1059643	1059643	shitikov_2017	asian_african_3	G	A
NC_000962.3	1063250	1063250	freschi_2020	4.13	A	G
NC_000962.3	1084911	1084911	coll_2014	3.1.1	G	A
NC_000962.3	1098698	1098698	freschi_2020	4.6.1.1.1.1.2	C	G
NC_000962.3	1104308	1104308	freschi_2020	4.6.2.1.1.1.1	A	G
NC_000962.3	1130526	1130526	freschi_2020	4.10.i1	G	A
NC_000962.3	1132368	1132368	coll_2014	4.3.4.2	C	T
NC_000962.3	1136007	1136007	freschi_2020	2.2.1.1.1.i2	G	A
NC_000962.3	1136017	1136017	freschi_2020	1.2.1	A	G
NC_000962.3	1137518	1137518	coll_2014	7	G	A
#NC_000962.3	1137518	1137518	freschi_2020	7	G	A
NC_000962.3	1167274	1167274	freschi_2020	1.1.1.2	C	T
NC_000962.3	1177446	1177446	freschi_2020	4.6.1.1.1.1.1	T	C
NC_000962.3	1237536	1237536	freschi_2020	4.2	C	G
NC_000962.3	1237815	1237815	freschi_2020	1.2.2.2	G	A
NC_000962.3	1237818	1237818	coll_2014	3.1.2.1	C	G
NC_000962.3	1308161	1308161	freschi_2020	4.6.2.1	C	T
NC_000962.3	1364706	1364706	shitikov_2017	central_asia	G	A
NC_000962.3	1396311	1396311	freschi_2020	4.1.i1.1.1.1	G	T
NC_000962.3	1429038	1429038	freschi_2020	4.2.1.1	A	C
NC_000962.3	1455780	1455780	coll_2014	4.2.2.1	T	C
NC_000962.3	1477522	1477522	shitikov_2017	asia_ancestral_3	C	A
NC_000962.3	1479088	1479088	shitikov_2017	asian_african_2/RD142	C	T
NC_000962.3	1487796	1487796	coll_2014	4.2.2	C	A
NC_000962.3	1491275	1491275	coll_2014	1.1.3	G	A
NC_000962.3	1501468	1501468	coll_2014	4.6.1.2	G	C
NC_000962.3	1502120	1502120	coll_2014	4.3.4.2.1	C	A
NC_000962.3	1555297	1555297	freschi_2020	4.6.1.1.1.2	G	A
NC_000962.3	1580680	1580680	freschi_2020	4.1.i1.2.1	C	T
NC_000962.3	1672360	1672360	freschi_2020	4.1.i1.2.2	C	G
NC_000962.3	1692069	1692069	shitikov_2017	asian_african_2/RD142	A	G
NC_000962.3	1719757	1719757	coll_2014	4.5	G	T
#NC_000962.3	1759252	1759252	coll_2014	4.9**	G	T
NC_000962.3	1759252	1759252	freschi_2020	4.10.i2	G	T
NC_000962.3	1762615	1762615	freschi_2020	4.3.i3.1	C	T
NC_000962.3	1797555	1797555	freschi_2020	4.12	G	A
NC_000962.3	1799921	1799921	coll_2014	5	C	A
#NC_000962.3	1799921	1799921	freschi_2020	5	C	A
NC_000962.3	1816587	1816587	coll_2014	6	C	G
#NC_000962.3	1816587	1816587	freschi_2020	6	C	G
NC_000962.3	1831531	1831531	freschi_2020	1.1.2	G	A
NC_000962.3	1844339	1844339	shitikov_2017	pacific_RD150	A	G
NC_000962.3	1850119	1850119	coll_2014	4.1.1.1	C	T
NC_000962.3	1881090	1881090	coll_2014	2.1	C	T
NC_000962.3	1882180	1882180	coll_2014	BOV_AFRI	C	T
NC_000962.3	1886982	1886982	freschi_2020	4.6.2	C	T
NC_000962.3	1914217	1914217	freschi_2020	3.1.1.i2	C	A
NC_000962.3	1924008	1924008	freschi_2020	2.2.1.1.1	G	A
NC_000962.3	2069304	2069304	freschi_2020	4.6.1.1.2	C	G
NC_000962.3	2077253	2077253	freschi_2020	4.3.i3	G	A
NC_000962.3	2078246	2078246	freschi_2020	2.2.1	C	G
NC_000962.3	2316912	2316912	freschi_2020	4.3.i4.1	G	A
NC_000962.3	2376135	2376135	shitikov_2017	asian_african_2	A	G
NC_000962.3	2411730	2411730	coll_2014	4.2	G	C
NC_000962.3	2426317	2426317	freschi_2020	4.6.2.1.2	G	A
#NC_000962.3	2505085	2505085	shitikov_2017	2.2	G	A
NC_000962.3	2505085	2505085	coll_2014	2.2	G	A
NC_000962.3	2532616	2532616	shitikov_2017	asian_african_2	G	A
NC_000962.3	2556078	2556078	freschi_2020	2.2.1.1.1.i1	G	A
NC_000962.3	2621058	2621058	freschi_2020	4.3	G	A
NC_000962.3	2622402	2622402	coll_2014	1.1.2	G	A
NC_000962.3	2694560	2694560	coll_2014	4.4.1.2	G	C
NC_000962.3	2737201	2737201	freschi_2020	1.2.1.1.1	A	C
NC_000962.3	2763624	2763624	freschi_2020	1.2.2	G	A
NC_000962.3	2825581	2825581	shitikov_2017	2.2.1	T	G
NC_000962.3	2831482	2831482	coll_2014	BOV	A	G
NC_000962.3	2847994	2847994	freschi_2020	4.1.i1.1.2	G	A
NC_000962.3	2858835	2858835	freschi_2020	4.3.i3.2	G	A
NC_000962.3	2874344	2874344	coll_2014	3.1.2.2	G	A
NC_000962.3	2875883	2875883	coll_2014	4.6.2.2	C	T
NC_000962.3	2905505	2905505	freschi_2020	4.4.1	G	A
NC_000962.3	2989683	2989683	freschi_2020	1.1	C	T
NC_000962.3	3021283	3021283	coll_2014	1.1.1	G	A
NC_000962.3	3147742	3147742	freschi_2020	4.1.i1.1	A	G
NC_000962.3	3216553	3216553	coll_2014	1.1.1.1	G	A
NC_000962.3	3273107	3273107	coll_2014	3	C	A
#NC_000962.3	3309880	3309880	shitikov_2017	proto_beijing	G	A
NC_000962.3	3309880	3309880	freschi_2020	2.1	G	A
NC_000962.3	3388166	3388166	coll_2014	4.3.2.1	C	G
NC_000962.3	3389975	3389975	freschi_2020	1.1.3.i1	T	C
NC_000962.3	3414791	3414791	freschi_2020	4.3.i2	G	C
NC_000962.3	3466426	3466426	coll_2014	4.6	G	A
NC_000962.3	3470377	3470377	coll_2014	1.2.2	C	T
NC_000962.3	3479545	3479545	coll_2014	1.2.1	C	A
NC_000962.3	3570528	3570528	coll_2014	4.6.2.1	C	G
NC_000962.3	3628520	3628520	freschi_2020	2.2	G	A
NC_000962.3	3722702	3722702	coll_2014	3.1.2	G	C
#NC_000962.3	3836274	3836274	shitikov_2017	asian_african_2/RD142	G	A
NC_000962.3	3836274	3836274	coll_2014	2.2.1.2	G	A
NC_000962.3	3836739	3836739	coll_2014	4.8	G	A
NC_000962.3	3977226	3977226	coll_2014	4.3.4	G	A
NC_000962.3	4044872	4044872	freschi_2020	3.1	G	A
NC_000962.3	4125058	4125058	coll_2014	4.6.2	G	C
NC_000962.3	4151558	4151558	coll_2014	4.4.1	G	A
NC_000962.3	4152890	4152890	freschi_2020	4.5	G	A
NC_000962.3	4153340	4153340	freschi_2020	2.2.1.1.2	G	A
NC_000962.3	4155050	4155050	freschi_2020	4.6.1.1	G	A
NC_000962.3	4160371	4160371	shitikov_2017	2.2.1	C	A
NC_000962.3	4215467	4215467	freschi_2020	4.6.1	G	A
NC_000962.3	4229087	4229087	coll_2014	4.1.1.3	C	T
NC_000962.3	4237703	4237703	freschi_2020	1.2.1.2	A	G
NC_000962.3	4238675	4238675	freschi_2020	2.2.1.1.1.i3	C	T
NC_000962.3	4238963	4238963	freschi_2020	4.4	C	T
NC_000962.3	4246508	4246508	coll_2014	4.4.2	G	A
#NC_000962.3	4248115	4248115	shitikov_2017	pacific_RD150	C	T
NC_000962.3	4248115	4248115	coll_2014	2.2.1.1	C	T
NC_000962.3	4249732	4249732	coll_2014	4.7	C	G
NC_000962.3	4260268	4260268	coll_2014	4.6.1	G	C
NC_000962.3	4260742	4260742	freschi_2020	4.6.2.1.1	G	A
NC_000962.3	4272744	4272744	freschi_2020	3.1.1.i1	G	A
NC_000962.3	4280708	4280708	shitikov_2017	2.2	G	A
NC_000962.3	4307886	4307886	coll_2014	4.4	G	A
NC_000962.3	4316114	4316114	coll_2014	4.3.2	G	A
NC_000962.3	4398141	4398141	coll_2014	4.3.4.1	G	A
NC_000962.3	4404247	4404247	coll_2014	1.1	G	A
